Фамилия,Имя,Отчество,Организация,Рабочий телефон,Личный телефон
Иванов,Иван,Иванович,Компания А,1234567890,9876543210
Петров,Петр,Петрович,Компания Б,2345678901,8765432109
Сидоров,Сидор,Сидорович,Компания В,3456789012,7654321098
Козлов,Козел,Козлович,Компания Г,4567890123,6543210987
Федоров,Федор,Федорович,Компания Д,5678901234,5432109876
Михайлов,Михаил,Михайлович,Компания Ж,7890123456,3210987654
Александров,Александр,Александрович,Компания З,8901234567,2109876543
Егоров,Егор,Егорович,Компания И,9012345678,1098765432
Андреев,Андрей,Андреевич,Компания К,123456789,987654321
Ильин,Илья,Ильич,Компания Л,987654321,9876543210
Антонов,Антон,Антонович,Компания М,9876543210,8765432109
Артемьев,Артем,Артемьевич,Компания Н,8765432109,7654321098
Арсеньев,Арсений,Арсеньевич,Компания О,7654321098,6543210987
Борисов,Борис,Борисович,Компания П,6543210987,5432109876
Владимиров,Владимир,Владимирович,Компания Р,5432109876,4321098765
Викторов,Виктор,Викторович,Компания С,4321098765,3210987654
Георгиев,Георгий,Георгиевич,Компания Т,3210987654,2109876543
Дмитриев,Дмитрий,Дмитриевич,Компания У,2109876543,1098765432
Евгеньев,Евгений,Евгеньевич,Компания Ф,1098765432,123456789
Захаров,Захар,Захарович,Компания Х,123456789,9876543210
Игорев,Игорь,Игоревич,Компания Ц,9876543210,8765432109
Кириллов,Кирилл,Кириллович,Компания Ч,8765432109,7654321098
Леонидов,Леонид,Леонидович,Компания Ш,7654321098,6543210987
Максимов,Максим,Максимович,Компания Щ,6543210987,5432109876
Николаев,Николай,Николаевич,Компания Ы,5432109876,4321098765
Олегов,Олег,Олегович,Компания Ь,4321098765,3210987654
Павлов,Павел,Павлович,Компания Э,3210987654,2109876543
Романов,Роман,Романович,Компания Ю,2109876543,1098765432
Семенов,Семен,Семенович,Компания Я,1098765432,123456789
Тимофеев,Тимофей,Тимофеевич,Компания Ё,123456789,9876543210
Ульянов,Ульян,Ульянович,Компания Й,9876543210,8765432109
Федосеев,Федосей,Федосеевич,Компания Ю,8765432109,7654321098
Харитонов,Харитон,Харитонович,Компания Я,7654321098,6543210987
Цезарь,Цезарь,Цезаревич,Компания А,6543210987,5432109876
Чернов,Черн,Чернович,Компания Б,5432109876,4321098765
Шилов,Шил,Шилович,Компания В,4321098765,3210987654
Щербаков,Щербак,Щербакович,Компания Г,3210987654,2109876543
Эдуардов,Эдуард,Эдуардович,Компания Д,2109876543,1098765432
Юрьев,Юрий,Юрьевич,Компания Е,1098765432,123456789
Яковлев,Яков,Яковлевич,Компания Ж,123456789,9876543210
Алексеев,Алексей,Алексеевич,Компания З,9876543210,8765432109
Богданов,Богдан,Богданович,Компания И,8765432109,7654321098
Валентинов,Валентин,Валентинович,Компания К,7654321098,6543210987
Григорьев,Григорий,Григорьевич,Компания Л,6543210987,5432109876
Денисов,Денис,Денисович,Компания М,5432109876,4321098765
Евсеев,Евсей,Евсеевич,Компания Н,4321098765,3210987654
Жданов,Ждан,Жданович,Компания О,3210987654,2109876543
Зиновьев,Зиновий,Зиновьевич,Компания П,2109876543,1098765432
Иннокентьев,Иннокентий,Иннокентьевич,Компания Р,1098765432,123456789
Константинов,Константин,Константинович,Компания С,123456789,9876543210
Лаврентьев,Лаврентий,Лаврентьевич,Компания Т,9876543210,8765432109
Макаров,Макар,Макарович,Компания У,8765432109,7654321098
Несторов,Нестор,Несторович,Компания Ф,7654321098,6543210987
Оскаров,Оскар,Оскарович,Компания Х,6543210987,5432109876
Платонов,Платон,Платонович,Компания Ц,5432109876,4321098765
Рудольфов,Рудольф,Рудольфович,Компания Ч,4321098765,3210987654
Савелий,Савелий,Савелиевич,Компания Ш,3210987654,2109876543
Тихонов,Тихон,Тихонович,Компания Щ,2109876543,1098765432
Устинов,Устин,Устинович,Компания Ы,1098765432,123456789
Феодосьев,Феодось,Феодосьевич,Компания Ь,123456789,9876543210
Христофоров,Христофор,Христофорович,Компания Э,9876543210,8765432109
Цезаревич,Цезарь,Цезаревич,Компания Ю,8765432109,7654321098
Чеслав,Чеслав,Чеславович,Компания Я,7654321098,6543210987
Шамиль,Шамиль,Шамильевич,Компания А,6543210987,5432109876
Щукин,Щука,Щукинович,Компания Б,5432109876,4321098765
Эрнест,Эрнест,Эрнестович,Компания В,4321098765,3210987654
Юлий,Юлий,Юлиевич,Компания Г,3210987654,2109876543
Януарий,Януарий,Януариевич,Компания Д,2109876543,1098765432
Августин,Августин,Августинович,Компания Е,1098765432,123456789
Борислав,Борислав,Бориславович,Компания Ж,123456789,9876543210
Валериан,Валериан,Валерианович,Компания З,9876543210,8765432109
Гавриил,Гавриил,Гавриилович,Компания И,8765432109,7654321098
Давид,Давид,Давидович,Компания К,7654321098,6543210987
Евграф,Евграф,Евграфович,Компания Л,6543210987,5432109876
Жигер,Жигер,Жигерович,Компания М,5432109876,4321098765
Захарий,Захарий,Захариевич,Компания Н,4321098765,3210987654
Иероним,Иероним,Иеронимович,Компания О,3210987654,2109876543
Касьян,Касьян,Касьянович,Компания П,2109876543,1098765432
Лукьян,Лукьян,Лукьянович,Компания Р,1098765432,123456789
Моисей,Моисей,Моисеевич,Компания С,123456789,9876543210
Никифор,Никифор,Никифорович,Компания Т,9876543210,8765432109
Онисим,Онисим,Онисимович,Компания У,8765432109,7654321098
Прохор,Прохор,Прохорович,Компания Ф,7654321098,6543210987
Ростислав,Ростислав,Ростиславович,Компания Х,6543210987,5432109876
Серафим,Серафим,Серафимович,Компания Ц,5432109876,4321098765
Тихомир,Тихомир,Тихомирович,Компания Ч,4321098765,3210987654
Ульяна,Ульяна,Ульяновна,Компания Ш,3210987654,2109876543
Федор,Федор,Федорович,Компания Щ,2109876543,1098765432
Христина,Христина,Христиновна,Компания Ы,1098765432,123456789
Цветана,Цветана,Цветановна,Компания Ь,123456789,9876543210
Чеслава,Чеслава,Чеславовна,Компания Э,9876543210,8765432109
Шарлота,Шарлота,Шарлотовна,Компания Ю,8765432109,7654321098
Щука,Щука,Щуковна,Компания Я,7654321098,6543210987
ири,ииир,ррр,рпирпр,пррпрп,ирррт
test,test,test,test,test,test
tedst,test,test,test,hh,hh
